{
  "model_type": "gru",
  "hidden_size": 64,
  "num_layers": 2,
  "seq_length": 60,
  "scaler_min": 233.880005,
  "scaler_max": 586.340027,
  "results": {
    "rnn": {
      "mse": 349.871337890625,
      "rmse": 18.70484797828159,
      "mae": 12.86208724975586,
      "mape": 2.4472413063049316,
      "training_time": 3.3303589820861816
    },
    "lstm": {
      "mse": 589.6869506835938,
      "rmse": 24.283470729769945,
      "mae": 16.188573837280273,
      "mape": 3.0797085762023926,
      "training_time": 4.420993804931641
    },
    "gru": {
      "mse": 341.8670959472656,
      "rmse": 18.489648345689695,
      "mae": 12.004660606384277,
      "mape": 2.257800340652466,
      "training_time": 5.651705503463745
    }
  }
}